"Count","Name"
"1427","source-knowledge/ProjectRepos/antigravity-awesome-skills-main/plugins"
"92","source-knowledge/old_openclaw-KB&Agents/special_ops__prompts_workflows/appendices"
"75","source-knowledge/old_openclaw-KB&Agents/special_ops__prompts_workflows/NewResearchBlueprints"
"52","source-knowledge/ProjectRepos/antigravity-awesome-skills-main/docs_zh-CN"
"24","source-knowledge/ProjectRepos/antigravity-awesome-skills-main/docs"
"22","source-knowledge/ProjectRepos/antigravity-awesome-skills-main/.github"
"18",".claude/skills/apex-plan/references"
"14","apex-meta/kb/prompt-engineer-research-base/raw"
"14",".claude/skills/PrecapNextDay/examples"
"10","source-knowledge/Apex&Claude_old/.claude/skills"
"9","apex-meta/kb/therapy/wiki"
"9","apex-meta/kb/therapy/raw"
"8",".claude/skills/PrecapNextDay/templates"
"7",".claude/skills/PrecapNextDay/references"
"5","source-knowledge/ProjectRepos/antigravity-awesome-skills-main/data"
"4",".claude/skills/project-kb-manager/references"
"4",".claude/skills/ProjectStatus/FirstIteration"
"3","source-knowledge/ProjectRepos/antigravity-awesome-skills-main/apps"
"3","apex-meta/kb/apex-kb-skill-test/wiki"
"3","apex-meta/handoff"
"3","apex-meta/harmonization"
"3",".claude/skills/apex-plan/templates"
"3","source-knowledge/design-docs"
"3","apex-meta/kb/apex-kb-skill-test/ingest-analysis"
"2","apex-meta/kb/prompt-engineer-research-base/log"
"2",".claude/skills/apex-kb/references"
"2",".claude/skills/apex-kb/templates"
"1",".claude/skills/Workflow&Processes/workflow-record-contract.md"
"1","source-knowledge/old_openclaw-KB&Agents/special_ops__prompts_workflows/PROMPTFLOW_CONSTANT_FRAME_CONTROLLED_KB_INTEGRATION.md"
"1",".claude/skills/ProjectStatus/project-status-overview_SKILL_v3.md"
"1",".claude/skills/Workflow&Processes/prompt-process-alignment-validation.md"
"1",".claude/skills/Workflow&Processes/workflow-process-design-package-manifest.md"
"1",".claude/skills/PrecapWeek/weekly-plan-output-contract.md"
"1","source-knowledge/old_openclaw-KB&Agents/special_ops__prompts_workflows/PROMPTFLOW_KB_BASE_BUILD.md"
"1",".claude/skills/Workflow&Processes/workflow-process-design-SKILL.md"
"1",".claude/skills/PrecapNextDay/precap-next-day-package-manifest.md"
"1",".claude/skills/Workflow&Processes/process-stage-taxonomy.md"
"1",".claude/skills/apex-plan/SKILL.v1.md"
"1",".claude/skills/AIRouting/planned-usage-budget-contract.md"
"1",".claude/skills/ProjectStatus/project-status-overview-contract_v2_fixed.md"
"1",".claude/skills/Workflow&Processes/workflow-stage-taxonomy.md"
"1",".claude/skills/project-kb-manager/examples"
"1",".claude/skills/project-kb-manager/templates"
"1",".claude/skills/PrecapWeek/weekly-blueprint-standard.md"
"1",".claude/skills/PrecapNextDay/Skill_precap-next-day.md"
"1",".claude/skills/PrecapWeek/Skill_Precap-Week.md"
"1","apex-meta/kb/apex-kb-skill-test/test-run-report.md"
"1",".claude/skills/Workflow&Processes/starter-workflow-process-example.md"
"1",".claude/skills/ProjectStatus/starter-manual-test-overview.md"
"1","apex-meta/kb/therapy/manifests"
"1",".claude/skills/apex-plan/SKILL.pro.md"
"1",".claude/skills/AIRouting/starter-usage-routing-example.md"
"1",".claude/skills/PrecapWeek/weekly-blueprint-meeting-example.md"
"1",".claude/skills/ProjectStatus/verification-report.md"
"1",".claude/skills/ProjectStatus/ranking-and-validation-rules.md"
"1",".claude/skills/AIRouting/routing-decision-contract.md"
"1",".claude/skills/PrecapWeek/references"
"1",".claude/skills/AIRouting/usage-delta-contract.md"
"1",".claude/skills/AIRouting/routing-recommendation-packet-contract.md"
"1",".claude/skills/apex-plan/SKILL.dr.md"
"1",".claude/skills/apex-session/apex-session-final-extraction-report.md"
"1",".claude/skills/apex-sync/apex-sync-final-extraction-report.md"
"1",".claude/skills/AIRouting/ai-routing-and-usage-tracking-SKILL.md"
"1",".claude/skills/AIRouting/AI-surface-inventory-contract.md"
"1",".claude/skills/Workflow&Processes/Audit_Claude_Skill_Workflow.md"
"1",".claude/skills/PrecapWeek/calendar-planning-guidance.md"
"1","source-knowledge/ProjectRepos/antigravity-awesome-skills-main/CODE_OF_CONDUCT.md"
"1","source-knowledge/old_openclaw-KB&Agents/special_ops__prompts_workflows/BEST_PRACTICES_v_old.md"
"1","source-knowledge/old_openclaw-KB&Agents/special_ops__prompts_workflows/BEST_PRACTICES.md"
"1","apex-meta/epics/narm-support-knowledgebase/003.md"
"1","apex-meta/epics/narm-support-knowledgebase/004.md"
"1","apex-meta/epics/narm-support-knowledgebase/001.md"
"1","apex-meta/epics/narm-support-knowledgebase/002.md"
"1","apex-meta/epics/narm-support-knowledgebase/005.md"
"1","apex-meta/epics/narm-support-knowledgebase/008.md"
"1",".claude/skills/AIRouting/ai-routing-and-usage-tracking-package-manifest.md"
"1","apex-meta/epics/narm-support-knowledgebase/006.md"
"1","apex-meta/epics/narm-support-knowledgebase/007.md"
"1","apex-meta/kb/therapy/ingest-analysis"
"1",".claude/skills/apex-sync/NEXT STEPS, IMPROVEMENTS, AND HARMONIZATION NOTES.md"
"1","source-knowledge/old_openclaw-KB&Agents/special_ops__prompts_workflows/MISTAKES.md"
"1",".claude/skills/AIRouting/monthly-quota-map-contract.md"
"1",".claude/skills/Workflow&Processes/operator-validation-and-conflict-resolution.md"
"1",".claude/skills/apex-plan/package-manifest.pro.md"
"1",".claude/skills/apex-plan/package-manifest.v1.md"
"1","source-knowledge/ProjectRepos/antigravity-awesome-skills-main/package-lock.json"
"1",".claude/skills/apex-plan/package-manifest.dr.md"
"1","apex-meta/epics/narm-support-knowledgebase/epic.md"
"1","source-knowledge/old_openclaw-KB&Agents/special_ops__prompts_workflows/ESSENCE.md"
"1",".claude/skills/AIRouting/cost-class-and-scarcity-rules.md"
"1",".claude/skills/ProjectStatus/FolderStructure"
"1",".claude/skills/Workflow&Processes/expected-output-type-contract.md"
"1","source-knowledge/old_openclaw-KB&Agents/special_ops__prompts_workflows/LEARNING_QUEUE.md"
"1","source-knowledge/ProjectRepos/antigravity-awesome-skills-main/.claude-plugin"
"1",".claude/skills/apex-plan/extraction-report.md"
"1","apex-meta/kb/therapy/kb-schema.md"
